term,term_translation,lang_code
https://publications.europa.eu/resource/authority/language/POR,portugais,fr
https://publications.europa.eu/resource/authority/language/POR,portugali keel,et
https://publications.europa.eu/resource/authority/language/POR,португалски,sr
https://publications.europa.eu/resource/authority/language/POR,portugalski,pl
https://publications.europa.eu/resource/authority/language/POR,Portaingéilis,ga
https://publications.europa.eu/resource/authority/language/POR,portugisiska,sv
https://publications.europa.eu/resource/authority/language/POR,португалски,bg
https://publications.europa.eu/resource/authority/language/POR,Portuguese,en
https://publications.europa.eu/resource/authority/language/POR,portugalski,hr
https://publications.europa.eu/resource/authority/language/POR,portugalšćina,hsb
https://publications.europa.eu/resource/authority/language/POR,Portugiż,mt
https://publications.europa.eu/resource/authority/language/POR,португалски,mk
https://publications.europa.eu/resource/authority/language/POR,portugál,hu
https://publications.europa.eu/resource/authority/language/POR,portugali,fi
https://publications.europa.eu/resource/authority/language/POR,portoghese,it
https://publications.europa.eu/resource/authority/language/POR,portugués,es
https://publications.europa.eu/resource/authority/language/POR,portugisisk,da
https://publications.europa.eu/resource/authority/language/POR,portugisisk,no
https://publications.europa.eu/resource/authority/language/POR,portugalų kalba,lt
https://publications.europa.eu/resource/authority/language/POR,português,pt
https://publications.europa.eu/resource/authority/language/POR,Portugiesisch,de
https://publications.europa.eu/resource/authority/language/POR,portugalčina,sk
https://publications.europa.eu/resource/authority/language/POR,portugāļu valoda,lv
https://publications.europa.eu/resource/authority/language/POR,πορτογαλικά,el
https://publications.europa.eu/resource/authority/language/POR,Portugees,nl
https://publications.europa.eu/resource/authority/language/POR,portugheză,ro
https://publications.europa.eu/resource/authority/language/POR,португальский,ru
https://publications.europa.eu/resource/authority/language/POR,португальська мова,uk
https://publications.europa.eu/resource/authority/language/POR,portúgalska,is
https://publications.europa.eu/resource/authority/language/POR,portugalski,sh
https://publications.europa.eu/resource/authority/language/POR,portugalština,cs
https://publications.europa.eu/resource/authority/language/POR,portekizce,tr
https://publications.europa.eu/resource/authority/language/POR,portugalščina,sl
https://www.wikidata.org/wiki/Q57262078,food consumption,en
https://www.wikidata.org/wiki/Q4014799,medical visit,en
http://purl.obolibrary.org/obo/NCIT_C18002,Home,en
https://www.wikidata.org/wiki/Q600236,surgical operation,en
http://purl.obolibrary.org/obo/NCIT_C21007,Disability,en
http://purl.obolibrary.org/obo/NCIT_C15329,Surgical Procedure,en
http://purl.obolibrary.org/obo/NCIT_C25741,Physician,en
http://purl.obolibrary.org/obo/NCIT_C111860,Maternal Mortality,en
https://publications.europa.eu/resource/authority/language/EST,Eastóinis,ga
https://publications.europa.eu/resource/authority/language/EST,Eston,mt
https://publications.europa.eu/resource/authority/language/EST,estónčina,sk
https://publications.europa.eu/resource/authority/language/EST,Estisch,nl
https://publications.europa.eu/resource/authority/language/EST,естонски,sr
https://publications.europa.eu/resource/authority/language/EST,estisk,no
https://publications.europa.eu/resource/authority/language/EST,estonski,sh
https://publications.europa.eu/resource/authority/language/EST,estoński,pl
https://publications.europa.eu/resource/authority/language/EST,estonien,fr
https://publications.europa.eu/resource/authority/language/EST,estonština,cs
https://publications.europa.eu/resource/authority/language/EST,естонська мова,uk
https://publications.europa.eu/resource/authority/language/EST,естонски,mk
https://publications.europa.eu/resource/authority/language/EST,eesti keel,et
https://publications.europa.eu/resource/authority/language/EST,estonca,tr
https://publications.europa.eu/resource/authority/language/EST,естонски,bg
https://publications.europa.eu/resource/authority/language/EST,estonio,es
https://publications.europa.eu/resource/authority/language/EST,viro,fi
https://publications.europa.eu/resource/authority/language/EST,estónio,pt
https://publications.europa.eu/resource/authority/language/EST,Estnisch,de
https://publications.europa.eu/resource/authority/language/EST,eistneska,is
https://publications.europa.eu/resource/authority/language/EST,εσθονικά,el
https://publications.europa.eu/resource/authority/language/EST,észt,hu
https://publications.europa.eu/resource/authority/language/EST,эстонский,ru
https://publications.europa.eu/resource/authority/language/EST,estone,it
https://publications.europa.eu/resource/authority/language/EST,igauņu valoda,lv
https://publications.europa.eu/resource/authority/language/EST,Estonian,en
https://publications.europa.eu/resource/authority/language/EST,estišćina,hsb
https://publications.europa.eu/resource/authority/language/EST,estniska,sv
https://publications.europa.eu/resource/authority/language/EST,estonski,hr
https://publications.europa.eu/resource/authority/language/EST,estonă,ro
https://publications.europa.eu/resource/authority/language/EST,estų kalba,lt
https://publications.europa.eu/resource/authority/language/EST,estisk,da
https://publications.europa.eu/resource/authority/language/EST,estonščina,sl
https://www.wikidata.org/wiki/Q26305989,blood-borne transmission,en
https://publications.europa.eu/resource/authority/language/HYE,armenska,is
https://publications.europa.eu/resource/authority/language/HYE,armenski,hr
https://publications.europa.eu/resource/authority/language/HYE,armeniska,sv
https://publications.europa.eu/resource/authority/language/HYE,armenšćina,hsb
https://publications.europa.eu/resource/authority/language/HYE,Јерменски,sr
https://publications.europa.eu/resource/authority/language/HYE,Armenian,en
https://publications.europa.eu/resource/authority/language/HYE,Armen,mt
https://publications.europa.eu/resource/authority/language/HYE,armeenia keel,et
https://publications.europa.eu/resource/authority/language/HYE,armensk,no
https://publications.europa.eu/resource/authority/language/HYE,ерменски,mk
https://publications.europa.eu/resource/authority/language/HYE,armensk,da
https://publications.europa.eu/resource/authority/language/HYE,armeană,ro
https://publications.europa.eu/resource/authority/language/HYE,арменски,bg
https://publications.europa.eu/resource/authority/language/HYE,Armeens,nl
https://publications.europa.eu/resource/authority/language/HYE,arménština,cs
https://publications.europa.eu/resource/authority/language/HYE,Armenisch,de
https://publications.europa.eu/resource/authority/language/HYE,armēņu valoda,lv
https://publications.europa.eu/resource/authority/language/HYE,armeno,it
https://publications.europa.eu/resource/authority/language/HYE,armenščina,sl
https://publications.europa.eu/resource/authority/language/HYE,армянский,ru
https://publications.europa.eu/resource/authority/language/HYE,armėnų kalba,lt
https://publications.europa.eu/resource/authority/language/HYE,armenio,es
https://publications.europa.eu/resource/authority/language/HYE,ermenice,tr
https://publications.europa.eu/resource/authority/language/HYE,arménčina,sk
https://publications.europa.eu/resource/authority/language/HYE,вірменська мова,uk
https://publications.europa.eu/resource/authority/language/HYE,Airméinis,ga
https://publications.europa.eu/resource/authority/language/HYE,armenia,fi
https://publications.europa.eu/resource/authority/language/HYE,ormiański,pl
https://publications.europa.eu/resource/authority/language/HYE,arménio,pt
https://publications.europa.eu/resource/authority/language/HYE,arménien,fr
https://publications.europa.eu/resource/authority/language/HYE,αρμενικά,el
https://publications.europa.eu/resource/authority/language/HYE,örmény,hu
https://publications.europa.eu/resource/authority/language/HYE,armenski,sh
http://semanticscience.org/resource/SIO_000713,doctor role,en
http://purl.obolibrary.org/obo/OMIT_0010784,Obesity,en
https://www.wikidata.org/wiki/Property:P106,occupation,en
https://www.wikidata.org/wiki/Q949149,sanitation,en
http://purl.obolibrary.org/obo/OMIT_0013403,Sanitation,en
http://purl.obolibrary.org/obo/NCIT_C16452,Communication,en
http://purl.obolibrary.org/obo/GSSO_000498,mental disorder,en
https://www.wikidata.org/wiki/Q747883,physical activity,en
https://publications.europa.eu/resource/authority/language/BOS,bośniacki,pl
https://publications.europa.eu/resource/authority/language/BOS,bosniaco,it
https://publications.europa.eu/resource/authority/language/BOS,bosnik,no
https://publications.europa.eu/resource/authority/language/BOS,bosnia,fi
https://publications.europa.eu/resource/authority/language/BOS,Bosnian,en
https://publications.europa.eu/resource/authority/language/BOS,bosniačtina,sk
https://publications.europa.eu/resource/authority/language/BOS,bosniešu valoda,lv
https://publications.europa.eu/resource/authority/language/BOS,bosnių kalba,lt
https://publications.europa.eu/resource/authority/language/BOS,bosenština,cs
https://publications.europa.eu/resource/authority/language/BOS,bosnien,fr
https://publications.europa.eu/resource/authority/language/BOS,boşnakça,tr
https://publications.europa.eu/resource/authority/language/BOS,Bosnisch,nl
https://publications.europa.eu/resource/authority/language/BOS,βοσνιακά,el
https://publications.europa.eu/resource/authority/language/BOS,bosnisk,da
https://publications.europa.eu/resource/authority/language/BOS,босненски,bg
https://publications.europa.eu/resource/authority/language/BOS,bosníska,is
https://publications.europa.eu/resource/authority/language/BOS,bosnia keel,et
https://publications.europa.eu/resource/authority/language/BOS,bósnio,pt
https://publications.europa.eu/resource/authority/language/BOS,Bosnisch,de
https://publications.europa.eu/resource/authority/language/BOS,bosniska,sv
https://publications.europa.eu/resource/authority/language/BOS,бошњачки,sr
https://publications.europa.eu/resource/authority/language/BOS,Bosnis,ga
https://publications.europa.eu/resource/authority/language/BOS,bosnišćina,hsb
https://publications.europa.eu/resource/authority/language/BOS,bosanščina,sl
https://publications.europa.eu/resource/authority/language/BOS,Bosnjan,mt
https://publications.europa.eu/resource/authority/language/BOS,bosnyák,hu
https://publications.europa.eu/resource/authority/language/BOS,боснийский,ru
https://publications.europa.eu/resource/authority/language/BOS,бошњачки,mk
https://publications.europa.eu/resource/authority/language/BOS,bošnjački,sh
https://publications.europa.eu/resource/authority/language/BOS,боснійська мова,uk
https://publications.europa.eu/resource/authority/language/BOS,bosniacă,ro
https://publications.europa.eu/resource/authority/language/BOS,bosnio,es
https://publications.europa.eu/resource/authority/language/BOS,bošnjački,hr
http://purl.obolibrary.org/obo/OMIT_0008309,Income,en
https://publications.europa.eu/resource/authority/language/CES,tšekki,fi
https://publications.europa.eu/resource/authority/language/CES,tékkneska,is
https://publications.europa.eu/resource/authority/language/CES,чешки,bg
https://publications.europa.eu/resource/authority/language/CES,чешки,sr
https://publications.europa.eu/resource/authority/language/CES,checo,pt
https://publications.europa.eu/resource/authority/language/CES,tsjekkisk,no
https://publications.europa.eu/resource/authority/language/CES,Ċek,mt
https://publications.europa.eu/resource/authority/language/CES,češki,hr
https://publications.europa.eu/resource/authority/language/CES,čěšćina,hsb
https://publications.europa.eu/resource/authority/language/CES,cseh,hu
https://publications.europa.eu/resource/authority/language/CES,Seicis,ga
https://publications.europa.eu/resource/authority/language/CES,tšehhi keel,et
https://publications.europa.eu/resource/authority/language/CES,čekų kalba,lt
https://publications.europa.eu/resource/authority/language/CES,čehu valoda,lv
https://publications.europa.eu/resource/authority/language/CES,чешский,ru
https://publications.europa.eu/resource/authority/language/CES,τσεχικά,el
https://publications.europa.eu/resource/authority/language/CES,češki,sh
https://publications.europa.eu/resource/authority/language/CES,čeština,sk
https://publications.europa.eu/resource/authority/language/CES,Tsjechisch,nl
https://publications.europa.eu/resource/authority/language/CES,чешки,mk
https://publications.europa.eu/resource/authority/language/CES,tjekkisk,da
https://publications.europa.eu/resource/authority/language/CES,çekçe,tr
https://publications.europa.eu/resource/authority/language/CES,ceco,it
https://publications.europa.eu/resource/authority/language/CES,tchèque,fr
https://publications.europa.eu/resource/authority/language/CES,cehă,ro
https://publications.europa.eu/resource/authority/language/CES,czeski,pl
https://publications.europa.eu/resource/authority/language/CES,Tschechisch,de
https://publications.europa.eu/resource/authority/language/CES,checo,es
https://publications.europa.eu/resource/authority/language/CES,чеська мова,uk
https://publications.europa.eu/resource/authority/language/CES,češčina,sl
https://publications.europa.eu/resource/authority/language/CES,čeština,cs
https://publications.europa.eu/resource/authority/language/CES,Czech,en
https://publications.europa.eu/resource/authority/language/CES,tjeckiska,sv
http://purl.obolibrary.org/obo/NCIT_C173558,Contact Tracing,en
http://purl.obolibrary.org/obo/NCIT_C16669,Health Status,en
https://www.wikidata.org/wiki/Q182672,zoonosis,en
https://publications.europa.eu/resource/authority/language/DEU,saksa,fi
https://publications.europa.eu/resource/authority/language/DEU,немецкий,ru
https://publications.europa.eu/resource/authority/language/DEU,Duits,nl
https://publications.europa.eu/resource/authority/language/DEU,nemščina,sl
https://publications.europa.eu/resource/authority/language/DEU,tysk,no
https://publications.europa.eu/resource/authority/language/DEU,német,hu
https://publications.europa.eu/resource/authority/language/DEU,немачки,sr
https://publications.europa.eu/resource/authority/language/DEU,alemán,es
https://publications.europa.eu/resource/authority/language/DEU,němčina,cs
https://publications.europa.eu/resource/authority/language/DEU,tysk,da
https://publications.europa.eu/resource/authority/language/DEU,saksa keel,et
https://publications.europa.eu/resource/authority/language/DEU,Gearmáinis,ga
https://publications.europa.eu/resource/authority/language/DEU,němska,hsb
https://publications.europa.eu/resource/authority/language/DEU,tedesco,it
https://publications.europa.eu/resource/authority/language/DEU,njemački,hr
https://publications.europa.eu/resource/authority/language/DEU,γερμανικά,el
https://publications.europa.eu/resource/authority/language/DEU,nemački,sh
https://publications.europa.eu/resource/authority/language/DEU,німецька мова,uk
https://publications.europa.eu/resource/authority/language/DEU,alemão,pt
https://publications.europa.eu/resource/authority/language/DEU,almanca,tr
https://publications.europa.eu/resource/authority/language/DEU,niemiecki,pl
https://publications.europa.eu/resource/authority/language/DEU,German,en
https://publications.europa.eu/resource/authority/language/DEU,þýska,is
https://publications.europa.eu/resource/authority/language/DEU,Ġermaniż,mt
https://publications.europa.eu/resource/authority/language/DEU,vokiečių kalba,lt
https://publications.europa.eu/resource/authority/language/DEU,tyska,sv
https://publications.europa.eu/resource/authority/language/DEU,nemčina,sk
https://publications.europa.eu/resource/authority/language/DEU,немски,bg
https://publications.europa.eu/resource/authority/language/DEU,allemand,fr
https://publications.europa.eu/resource/authority/language/DEU,vācu valoda,lv
https://publications.europa.eu/resource/authority/language/DEU,germană,ro
https://publications.europa.eu/resource/authority/language/DEU,германски,mk
https://publications.europa.eu/resource/authority/language/DEU,Deutsch,de
http://vivoweb.org/ontology/core#Hospital,Hospital,en
http://purl.obolibrary.org/obo/GSSO_007925,pharmaceutical drug,en
https://www.wikidata.org/wiki/Q18123741,infectious disease,en
https://www.wikidata.org/wiki/Q12140,medication,en
http://purl.obolibrary.org/obo/OMIT_0009102,Life Expectancy,en
https://www.wikidata.org/wiki/Q381481,airborne disease,en
http://purl.obolibrary.org/obo/OMIT_0017465,Health Care Costs,en
http://purl.obolibrary.org/obo/OMIT_0009217,Long-Term Care,en
https://www.wikidata.org/wiki/Q30314010,social distancing,en
https://publications.europa.eu/resource/authority/language/LIT,litván,hu
https://publications.europa.eu/resource/authority/language/LIT,litewski,pl
https://publications.europa.eu/resource/authority/language/LIT,lituano,it
https://publications.europa.eu/resource/authority/language/LIT,litauisk,da
https://publications.europa.eu/resource/authority/language/LIT,lietuvių kalba,lt
https://publications.europa.eu/resource/authority/language/LIT,liettua,fi
https://publications.europa.eu/resource/authority/language/LIT,litauisk,no
https://publications.europa.eu/resource/authority/language/LIT,λιθουανικά,el
https://publications.europa.eu/resource/authority/language/LIT,литовски,bg
https://publications.europa.eu/resource/authority/language/LIT,litawšćina,hsb
https://publications.europa.eu/resource/authority/language/LIT,Litouws,nl
https://publications.europa.eu/resource/authority/language/LIT,lietuviešu valoda,lv
https://publications.europa.eu/resource/authority/language/LIT,leedu keel,et
https://publications.europa.eu/resource/authority/language/LIT,lituanien,fr
https://publications.europa.eu/resource/authority/language/LIT,lituaniană,ro
https://publications.europa.eu/resource/authority/language/LIT,litavski,hr
https://publications.europa.eu/resource/authority/language/LIT,Litauisch,de
https://publications.europa.eu/resource/authority/language/LIT,litovčina,sk
https://publications.europa.eu/resource/authority/language/LIT,litvanca,tr
https://publications.europa.eu/resource/authority/language/LIT,litauiska,sv
https://publications.europa.eu/resource/authority/language/LIT,lituano,es
https://publications.europa.eu/resource/authority/language/LIT,litháíska,is
https://publications.europa.eu/resource/authority/language/LIT,lituano,pt
https://publications.europa.eu/resource/authority/language/LIT,литвански,mk
https://publications.europa.eu/resource/authority/language/LIT,литовский,ru
https://publications.europa.eu/resource/authority/language/LIT,литвански,sr
https://publications.europa.eu/resource/authority/language/LIT,Lithuanian,en
https://publications.europa.eu/resource/authority/language/LIT,litovščina,sl
https://publications.europa.eu/resource/authority/language/LIT,Litwan,mt
https://publications.europa.eu/resource/authority/language/LIT,литовська мова,uk
https://publications.europa.eu/resource/authority/language/LIT,Liotuáinis,ga
https://publications.europa.eu/resource/authority/language/LIT,litevština,cs
https://publications.europa.eu/resource/authority/language/LIT,litvanski,sh
https://www.wikidata.org/wiki/Q12206,diabetes,en
https://www.wikidata.org/wiki/Q12078,cancer,en
https://www.wikidata.org/wiki/Q2006636,waterborne disease,en
http://purl.obolibrary.org/obo/NCIT_C16495,Demographics,en
https://www.wikidata.org/wiki/Q58028485,policy compliance,en
http://purl.obolibrary.org/obo/EUPATH_0000359,occupation,en
https://www.wikidata.org/wiki/Q70362525,Hospital Bed Capacity,en
http://purl.obolibrary.org/obo/OMIT_0005898,Employment,en
http://purl.obolibrary.org/obo/OMIT_0004111,"Cholesterol, Dietary",en
https://www.wikidata.org/wiki/Q1339474,maternal death,en
https://www.wikidata.org/wiki/Q15636229,surgical procedure,en
https://www.wikidata.org/wiki/Q95449639,Vaccine-Preventable Diseases,en
http://purl.obolibrary.org/obo/GSSO_008527,leisure activity,en
https://www.wikidata.org/wiki/Q17054975,Health Workforce,en
https://www.wikidata.org/wiki/Q8434,education,en
https://publications.europa.eu/resource/authority/language/ROM,romani,hu
https://publications.europa.eu/resource/authority/language/ROM,romski,sh
https://publications.europa.eu/resource/authority/language/ROM,romani,fi
https://publications.europa.eu/resource/authority/language/ROM,rómčina,sk
https://publications.europa.eu/resource/authority/language/ROM,romština,cs
https://publications.europa.eu/resource/authority/language/ROM,romski,pl
https://publications.europa.eu/resource/authority/language/ROM,Zingaru,mt
https://publications.europa.eu/resource/authority/language/ROM,цыга́нский,ru
https://publications.europa.eu/resource/authority/language/ROM,ромски,mk
https://publications.europa.eu/resource/authority/language/ROM,romų kalba,lt
https://publications.europa.eu/resource/authority/language/ROM,romani,is
https://publications.europa.eu/resource/authority/language/ROM,romaní,es
https://publications.europa.eu/resource/authority/language/ROM,romski,hr
https://publications.europa.eu/resource/authority/language/ROM,ромски,bg
https://publications.europa.eu/resource/authority/language/ROM,romani,tr
https://publications.europa.eu/resource/authority/language/ROM,romščina,sl
https://publications.europa.eu/resource/authority/language/ROM,Romani,de
https://publications.europa.eu/resource/authority/language/ROM,roma keel,et
https://publications.europa.eu/resource/authority/language/ROM,Romani,nl
https://publications.europa.eu/resource/authority/language/ROM,romani,da
https://publications.europa.eu/resource/authority/language/ROM,romani,pt
https://publications.europa.eu/resource/authority/language/ROM,romani,sv
https://publications.europa.eu/resource/authority/language/ROM,циганська мова,uk
https://publications.europa.eu/resource/authority/language/ROM,romani,fr
https://publications.europa.eu/resource/authority/language/ROM,čigānu valoda,lv
https://publications.europa.eu/resource/authority/language/ROM,romaní,it
https://publications.europa.eu/resource/authority/language/ROM,Romani,ga
https://publications.europa.eu/resource/authority/language/ROM,romani,no
https://publications.europa.eu/resource/authority/language/ROM,ромски,sr
https://publications.europa.eu/resource/authority/language/ROM,Romani,en
https://publications.europa.eu/resource/authority/language/ROM,romani,ro
https://publications.europa.eu/resource/authority/language/ROM,ρομανικά,el
https://www.wikidata.org/wiki/Q93815163,Cancer Survival Rates,en
http://purl.obolibrary.org/obo/OMIT_0015761,Work,en
https://publications.europa.eu/resource/authority/language/ENG,engleză,ro
https://publications.europa.eu/resource/authority/language/ENG,angielski,pl
https://publications.europa.eu/resource/authority/language/ENG,Englisch,de
https://publications.europa.eu/resource/authority/language/ENG,inglés,es
https://publications.europa.eu/resource/authority/language/ENG,angličtina,sk
https://publications.europa.eu/resource/authority/language/ENG,английский,ru
https://publications.europa.eu/resource/authority/language/ENG,Engels,nl
https://publications.europa.eu/resource/authority/language/ENG,engleski,hr
https://publications.europa.eu/resource/authority/language/ENG,inglise keel,et
https://publications.europa.eu/resource/authority/language/ENG,angļu valoda,lv
https://publications.europa.eu/resource/authority/language/ENG,engelsk,no
https://publications.europa.eu/resource/authority/language/ENG,jendźelšćina,hsb
https://publications.europa.eu/resource/authority/language/ENG,енглески,sr
https://publications.europa.eu/resource/authority/language/ENG,ıngilizce,tr
https://publications.europa.eu/resource/authority/language/ENG,anglais,fr
https://publications.europa.eu/resource/authority/language/ENG,inglese,it
https://publications.europa.eu/resource/authority/language/ENG,engleski,sh
https://publications.europa.eu/resource/authority/language/ENG,inglês,pt
https://publications.europa.eu/resource/authority/language/ENG,engelsk,da
https://publications.europa.eu/resource/authority/language/ENG,enska,is
https://publications.europa.eu/resource/authority/language/ENG,angol,hu
https://publications.europa.eu/resource/authority/language/ENG,Béarla,ga
https://publications.europa.eu/resource/authority/language/ENG,Ingliż,mt
https://publications.europa.eu/resource/authority/language/ENG,английски,bg
https://publications.europa.eu/resource/authority/language/ENG,anglų kalba,lt
https://publications.europa.eu/resource/authority/language/ENG,angličtina,cs
https://publications.europa.eu/resource/authority/language/ENG,αγγλικά,el
https://publications.europa.eu/resource/authority/language/ENG,engelska,sv
https://publications.europa.eu/resource/authority/language/ENG,англійська мова,uk
https://publications.europa.eu/resource/authority/language/ENG,angleščina,sl
https://publications.europa.eu/resource/authority/language/ENG,англиски,mk
https://publications.europa.eu/resource/authority/language/ENG,englanti,fi
https://publications.europa.eu/resource/authority/language/ENG,English,en
https://www.wikidata.org/wiki/Q622527,self-injury,en
https://www.wikidata.org/wiki/Q2715623,social network,en
https://publications.europa.eu/resource/authority/language/RUS,Russisch,de
https://publications.europa.eu/resource/authority/language/RUS,rusă,ro
https://publications.europa.eu/resource/authority/language/RUS,russo,pt
https://publications.europa.eu/resource/authority/language/RUS,vene keel,et
https://publications.europa.eu/resource/authority/language/RUS,rosyjski,pl
https://publications.europa.eu/resource/authority/language/RUS,Russu,mt
https://publications.europa.eu/resource/authority/language/RUS,ruština,sk
https://publications.europa.eu/resource/authority/language/RUS,російська мова,uk
https://publications.europa.eu/resource/authority/language/RUS,ruso,es
https://publications.europa.eu/resource/authority/language/RUS,ryska,sv
https://publications.europa.eu/resource/authority/language/RUS,russisk,no
https://publications.europa.eu/resource/authority/language/RUS,руски,bg
https://publications.europa.eu/resource/authority/language/RUS,Rúisis,ga
https://publications.europa.eu/resource/authority/language/RUS,russe,fr
https://publications.europa.eu/resource/authority/language/RUS,russo,it
https://publications.europa.eu/resource/authority/language/RUS,ruski,sh
https://publications.europa.eu/resource/authority/language/RUS,russisk,da
https://publications.europa.eu/resource/authority/language/RUS,Russisch,nl
https://publications.europa.eu/resource/authority/language/RUS,krievu valoda,lv
https://publications.europa.eu/resource/authority/language/RUS,rusça,tr
https://publications.europa.eu/resource/authority/language/RUS,pусский,ru
https://publications.europa.eu/resource/authority/language/RUS,ruština,cs
https://publications.europa.eu/resource/authority/language/RUS,ruski,hr
https://publications.europa.eu/resource/authority/language/RUS,Russian,en
https://publications.europa.eu/resource/authority/language/RUS,ρωσικά,el
https://publications.europa.eu/resource/authority/language/RUS,руски,mk
https://publications.europa.eu/resource/authority/language/RUS,руски,sr
https://publications.europa.eu/resource/authority/language/RUS,ruščina,sl
https://publications.europa.eu/resource/authority/language/RUS,venäjä,fi
https://publications.europa.eu/resource/authority/language/RUS,orosz,hu
https://publications.europa.eu/resource/authority/language/RUS,rusų kalba,lt
https://publications.europa.eu/resource/authority/language/RUS,rússneska,is
https://publications.europa.eu/resource/authority/language/RUS,rušćina,hsb
https://www.wikidata.org/wiki/Q1519843,health technology,en
http://purl.obolibrary.org/obo/NCIT_C17009,Poverty,en
http://purl.obolibrary.org/obo/SCDO_0000948,Quality of Health Care,en
http://purl.obolibrary.org/obo/OMIT_0010070,Mortality,en
http://purl.obolibrary.org/obo/NCIT_C41150,Income,en
http://purl.obolibrary.org/obo/NCIT_C25172,Employed,en
http://purl.obolibrary.org/obo/NCIT_C16696,Hospital,en
https://www.wikidata.org/wiki/Q53464336,Airborne Diseases,en
https://www.wikidata.org/wiki/Q7743,home,en
http://purl.obolibrary.org/obo/OMIT_0013643,Sexually Transmitted Diseases,en
https://www.wikidata.org/wiki/Q1762591,periodic health examination,en
https://www.wikidata.org/wiki/Q22907655,patient experience,en
http://purl.obolibrary.org/obo/MAXO_0000004,surgical procedure,en
http://purl.obolibrary.org/obo/NCIT_C157935,Non-Communicable Disorder,en
http://purl.obolibrary.org/obo/OMIT_0010062,Morbidity,en
https://publications.europa.eu/resource/authority/language/NNO,norvegiană nynorsk,ro
https://publications.europa.eu/resource/authority/language/NNO,neonorueguês,pt
https://publications.europa.eu/resource/authority/language/NNO,Norwegian Nynorsk,en
https://publications.europa.eu/resource/authority/language/NNO,νορβηγική νίνορσκ,el
https://publications.europa.eu/resource/authority/language/NNO,Nynorsk Norveġiż,mt
https://publications.europa.eu/resource/authority/language/NNO,norvég nynorsk,hu
https://publications.europa.eu/resource/authority/language/NNO,norština (nynorsk),cs
https://publications.europa.eu/resource/authority/language/NNO,norweski nynorsk,pl
https://publications.europa.eu/resource/authority/language/NNO,norska (nynorska),sv
https://publications.europa.eu/resource/authority/language/NNO,norvegese nynorsk,it
https://publications.europa.eu/resource/authority/language/NNO,jaunnorvēģu valoda,lv
https://publications.europa.eu/resource/authority/language/NNO,novonorveški,hr
https://publications.europa.eu/resource/authority/language/NNO,nynorsk,es
https://publications.europa.eu/resource/authority/language/NNO,Nynorsk,de
https://publications.europa.eu/resource/authority/language/NNO,nórčina (nynorsk),sk
https://publications.europa.eu/resource/authority/language/NNO,nynorsk,da
https://publications.europa.eu/resource/authority/language/NNO,норвежки съвременен,bg
https://publications.europa.eu/resource/authority/language/NNO,Nua-Ioruais,ga
https://publications.europa.eu/resource/authority/language/NNO,uusnorja,fi
https://publications.europa.eu/resource/authority/language/NNO,norvegų niunoškas,lt
https://publications.europa.eu/resource/authority/language/NNO,Norwegian Nynorsk,nl
https://publications.europa.eu/resource/authority/language/NNO,norvégien nynorsk,fr
https://publications.europa.eu/resource/authority/language/NNO,novonorveščina,sl
https://publications.europa.eu/resource/authority/language/NNO,uusnorra keel,et
https://publications.europa.eu/resource/authority/language/NNO,норвезька нюнорська мова,uk
https://www.wikidata.org/wiki/Q96482267,vaccination coverage,en
https://www.wikidata.org/wiki/Q6784043,mass gathering,en
https://www.wikidata.org/wiki/Q193078,injury,en
https://www.wikidata.org/wiki/Q98299735,noncommunicable diseases,en
https://www.wikidata.org/wiki/Q506319,generic drug,en
https://www.wikidata.org/wiki/Q6672123,long-term care,en
http://purl.obolibrary.org/obo/NCIT_C17953,Education Level,en
http://purl.obolibrary.org/obo/SCDO_0001088,Social Support,en
http://purl.obolibrary.org/obo/NCIT_C90384,Food Consumption,en
https://www.wikidata.org/wiki/Q186360,nurse,en
https://www.wikidata.org/wiki/Q171558,accident,en
https://www.wikidata.org/wiki/Q66982216,health status,en
http://purl.obolibrary.org/obo/OBIB_0000716,surgical procedure,en
https://www.wikidata.org/wiki/Q5031455,Cancer survival rates,en
http://purl.obolibrary.org/obo/MFOMD_0000004,mental disorder,en
http://purl.obolibrary.org/obo/OMIT_0017009,Drug Costs,en
https://www.wikidata.org/wiki/Q1814351,public health intervention,en
http://purl.obolibrary.org/obo/OMIT_0002889,Behavior,en
https://www.wikidata.org/wiki/Q28885102,pharmaceutical product,en
https://publications.europa.eu/resource/authority/language/NLD,nižozemšćina,hsb
https://publications.europa.eu/resource/authority/language/NLD,hollenska,is
https://publications.europa.eu/resource/authority/language/NLD,nyderlandų kalba,lt
https://publications.europa.eu/resource/authority/language/NLD,Olandiż,mt
https://publications.europa.eu/resource/authority/language/NLD,Ollainnis,ga
https://publications.europa.eu/resource/authority/language/NLD,niderlandzki,pl
https://publications.europa.eu/resource/authority/language/NLD,holandski,sh
https://publications.europa.eu/resource/authority/language/NLD,hollandaca,tr
https://publications.europa.eu/resource/authority/language/NLD,nederlandsk,da
https://publications.europa.eu/resource/authority/language/NLD,холандски,mk
https://publications.europa.eu/resource/authority/language/NLD,Dutch,en
https://publications.europa.eu/resource/authority/language/NLD,nederländska,sv
https://publications.europa.eu/resource/authority/language/NLD,neerlandês,pt
https://publications.europa.eu/resource/authority/language/NLD,néerlandais,fr
https://publications.europa.eu/resource/authority/language/NLD,holandiešu valoda,lv
https://publications.europa.eu/resource/authority/language/NLD,nizozemština,cs
https://publications.europa.eu/resource/authority/language/NLD,holland,hu
https://publications.europa.eu/resource/authority/language/NLD,neerlandeză,ro
https://publications.europa.eu/resource/authority/language/NLD,холандски,sr
https://publications.europa.eu/resource/authority/language/NLD,nizozemski,hr
https://publications.europa.eu/resource/authority/language/NLD,нидерландски,bg
https://publications.europa.eu/resource/authority/language/NLD,nederlandsk,no
https://publications.europa.eu/resource/authority/language/NLD,ολλανδικά,el
https://publications.europa.eu/resource/authority/language/NLD,нідерландська мова,uk
https://publications.europa.eu/resource/authority/language/NLD,holandčina,sk
https://publications.europa.eu/resource/authority/language/NLD,nizozemščina,sl
https://publications.europa.eu/resource/authority/language/NLD,Nederlands,nl
https://publications.europa.eu/resource/authority/language/NLD,neerlandés,es
https://publications.europa.eu/resource/authority/language/NLD,Niederländisch,de
https://publications.europa.eu/resource/authority/language/NLD,hollandi keel,et
https://publications.europa.eu/resource/authority/language/NLD,нидерландский,ru
https://publications.europa.eu/resource/authority/language/NLD,neerlandese,it
https://publications.europa.eu/resource/authority/language/NLD,hollanti,fi
http://purl.obolibrary.org/obo/SCDO_0000493,Health Service Utilization,en
https://www.wikidata.org/wiki/Q389735,cardiovascular disease,en
https://www.wikidata.org/wiki/Q105252400,vaccine acceptance,en
http://purl.obolibrary.org/obo/SCDO_0000414,Education,en
https://www.wikidata.org/wiki/Q11000047,health system,en
http://purl.obolibrary.org/obo/NCIT_C16877,Morbidity,en
http://purl.obolibrary.org/obo/OMIT_0027917,Patient Safety,en
http://publications.europa.eu/resource/authority/data-theme/HEAL,Υγεία,el
http://publications.europa.eu/resource/authority/data-theme/HEAL,Zdrowie,pl
http://publications.europa.eu/resource/authority/data-theme/HEAL,Zdravje,sl
http://publications.europa.eu/resource/authority/data-theme/HEAL,Salute,it
http://publications.europa.eu/resource/authority/data-theme/HEAL,Saúde,pt
http://publications.europa.eu/resource/authority/data-theme/HEAL,Santé,fr
http://publications.europa.eu/resource/authority/data-theme/HEAL,Terveys,fi
http://publications.europa.eu/resource/authority/data-theme/HEAL,Sveikata,lt
http://publications.europa.eu/resource/authority/data-theme/HEAL,Здраве,bg
http://publications.europa.eu/resource/authority/data-theme/HEAL,Sláinte,ga
http://publications.europa.eu/resource/authority/data-theme/HEAL,Hälsa,sv
http://publications.europa.eu/resource/authority/data-theme/HEAL,Salud,es
http://publications.europa.eu/resource/authority/data-theme/HEAL,Zdraví,cs
http://publications.europa.eu/resource/authority/data-theme/HEAL,Zdravotníctvo,sk
http://publications.europa.eu/resource/authority/data-theme/HEAL,Helse,nn
http://publications.europa.eu/resource/authority/data-theme/HEAL,Sundhed,da
http://publications.europa.eu/resource/authority/data-theme/HEAL,Veselība,lv
http://publications.europa.eu/resource/authority/data-theme/HEAL,Helse,nb
http://publications.europa.eu/resource/authority/data-theme/HEAL,Zdravlje,hr
http://publications.europa.eu/resource/authority/data-theme/HEAL,Gesundheit,de
http://publications.europa.eu/resource/authority/data-theme/HEAL,Sănătate,ro
http://publications.europa.eu/resource/authority/data-theme/HEAL,Tervis,et
http://publications.europa.eu/resource/authority/data-theme/HEAL,Saħħa,mt
http://publications.europa.eu/resource/authority/data-theme/HEAL,Egészségügy,hu
http://publications.europa.eu/resource/authority/data-theme/HEAL,Gezondheid,nl
http://publications.europa.eu/resource/authority/data-theme/HEAL,Helse,no
http://publications.europa.eu/resource/authority/data-theme/HEAL,Health,en
https://www.wikidata.org/wiki/Q67171878,tobacco use,en
https://www.wikidata.org/wiki/Q59283414,health care costs,en
https://www.wikidata.org/wiki/Q13579947,misinformation,en
http://purl.obolibrary.org/obo/OMIT_0001080,"Accidents, Traffic",en
http://purl.obolibrary.org/obo/OMRSE_00000013,physician role,en
http://purl.obolibrary.org/obo/NCIT_C18059,Tobacco Use,en
http://purl.obolibrary.org/obo/NCIT_C16729,Infant Mortality,en
http://purl.obolibrary.org/obo/NCIT_C20821,Nurse,en
https://www.wikidata.org/wiki/Q12174,obesity,en
https://publications.europa.eu/resource/authority/language/SRP,сръбски,bg
https://publications.europa.eu/resource/authority/language/SRP,Serbisch,de
https://publications.europa.eu/resource/authority/language/SRP,serbia,fi
https://publications.europa.eu/resource/authority/language/SRP,serbo,it
https://publications.europa.eu/resource/authority/language/SRP,Servisch,nl
https://publications.europa.eu/resource/authority/language/SRP,serbu valoda,lv
https://publications.europa.eu/resource/authority/language/SRP,Serbian,en
https://publications.europa.eu/resource/authority/language/SRP,Serb,mt
https://publications.europa.eu/resource/authority/language/SRP,srpski,sh
https://publications.europa.eu/resource/authority/language/SRP,srbština,cs
https://publications.europa.eu/resource/authority/language/SRP,srbčina,sk
https://publications.europa.eu/resource/authority/language/SRP,serbų kalba,lt
https://publications.europa.eu/resource/authority/language/SRP,сербский,ru
https://publications.europa.eu/resource/authority/language/SRP,sérvio,pt
https://publications.europa.eu/resource/authority/language/SRP,serbski,pl
https://publications.europa.eu/resource/authority/language/SRP,sırpça,tr
https://publications.europa.eu/resource/authority/language/SRP,сербська мова,uk
https://publications.europa.eu/resource/authority/language/SRP,srbščina,sl
https://publications.europa.eu/resource/authority/language/SRP,serbneska,is
https://publications.europa.eu/resource/authority/language/SRP,српски,mk
https://publications.europa.eu/resource/authority/language/SRP,serbiska,sv
https://publications.europa.eu/resource/authority/language/SRP,serbio,es
https://publications.europa.eu/resource/authority/language/SRP,Seirbis,ga
https://publications.europa.eu/resource/authority/language/SRP,sârbă,ro
https://publications.europa.eu/resource/authority/language/SRP,srpski,hr
https://publications.europa.eu/resource/authority/language/SRP,szerb,hu
https://publications.europa.eu/resource/authority/language/SRP,serbisk,da
https://publications.europa.eu/resource/authority/language/SRP,serbisk,no
https://publications.europa.eu/resource/authority/language/SRP,serbe,fr
https://publications.europa.eu/resource/authority/language/SRP,serbišćina,hsb
https://publications.europa.eu/resource/authority/language/SRP,serbia keel,et
https://publications.europa.eu/resource/authority/language/SRP,σερβικά,el
https://publications.europa.eu/resource/authority/language/SRP,српски,sr
http://purl.obolibrary.org/obo/OMIT_0007885,Hospital Bed Capacity,en
http://purl.obolibrary.org/obo/OPMI_0000482,medical visit,en
http://purl.obolibrary.org/obo/APOLLO_SV_00000550,contact tracing,en
http://purl.obolibrary.org/obo/NCIT_C128353,Airborne Transmission,en
https://www.wikidata.org/wiki/Q142259,hospital bed,en
https://publications.europa.eu/resource/authority/language/MLT,maltesiska,sv
https://publications.europa.eu/resource/authority/language/MLT,maltiečių kalba,lt
https://publications.europa.eu/resource/authority/language/MLT,Maltese,en
https://publications.europa.eu/resource/authority/language/MLT,maltais,fr
https://publications.europa.eu/resource/authority/language/MLT,máltai,hu
https://publications.europa.eu/resource/authority/language/MLT,malteză,ro
https://publications.europa.eu/resource/authority/language/MLT,Malti,mt
https://publications.europa.eu/resource/authority/language/MLT,maltés,es
https://publications.europa.eu/resource/authority/language/MLT,maltčina,sk
https://publications.europa.eu/resource/authority/language/MLT,малтешки,sr
https://publications.europa.eu/resource/authority/language/MLT,malteški,sh
https://publications.europa.eu/resource/authority/language/MLT,maltiešu valoda,lv
https://publications.europa.eu/resource/authority/language/MLT,мальтийский,ru
https://publications.europa.eu/resource/authority/language/MLT,malta,fi
https://publications.europa.eu/resource/authority/language/MLT,малтешки,mk
https://publications.europa.eu/resource/authority/language/MLT,maltaca,tr
https://publications.europa.eu/resource/authority/language/MLT,malteščina,sl
https://publications.europa.eu/resource/authority/language/MLT,maltašćina,hsb
https://publications.europa.eu/resource/authority/language/MLT,maltština,cs
https://publications.europa.eu/resource/authority/language/MLT,maltese,it
https://publications.europa.eu/resource/authority/language/MLT,maltesisk,no
https://publications.europa.eu/resource/authority/language/MLT,malta keel,et
https://publications.europa.eu/resource/authority/language/MLT,малтийски,bg
https://publications.europa.eu/resource/authority/language/MLT,maltês,pt
https://publications.europa.eu/resource/authority/language/MLT,maltneska,is
https://publications.europa.eu/resource/authority/language/MLT,μαλτέζικα,el
https://publications.europa.eu/resource/authority/language/MLT,malteški,hr
https://publications.europa.eu/resource/authority/language/MLT,maltesisk,da
https://publications.europa.eu/resource/authority/language/MLT,maltański,pl
https://publications.europa.eu/resource/authority/language/MLT,Maltees,nl
https://publications.europa.eu/resource/authority/language/MLT,мальтійська мова,uk
https://publications.europa.eu/resource/authority/language/MLT,Máltais,ga
https://publications.europa.eu/resource/authority/language/MLT,Maltesisch,de
http://purl.obolibrary.org/obo/NCIT_C15406,Cancer Screening,en
https://publications.europa.eu/resource/authority/language/SWE,шведски,bg
https://publications.europa.eu/resource/authority/language/SWE,Schwedisch,de
https://publications.europa.eu/resource/authority/language/SWE,шведски,sr
https://publications.europa.eu/resource/authority/language/SWE,rootsi keel,et
https://publications.europa.eu/resource/authority/language/SWE,svenska,sv
https://publications.europa.eu/resource/authority/language/SWE,sænska,is
https://publications.europa.eu/resource/authority/language/SWE,шведский,ru
https://publications.europa.eu/resource/authority/language/SWE,suédois,fr
https://publications.europa.eu/resource/authority/language/SWE,ruotsi,fi
https://publications.europa.eu/resource/authority/language/SWE,Swedish,en
https://publications.europa.eu/resource/authority/language/SWE,svedese,it
https://publications.europa.eu/resource/authority/language/SWE,ısveççe,tr
https://publications.europa.eu/resource/authority/language/SWE,svensk,da
https://publications.europa.eu/resource/authority/language/SWE,sueco,pt
https://publications.europa.eu/resource/authority/language/SWE,suedeză,ro
https://publications.europa.eu/resource/authority/language/SWE,Sualainnis,ga
https://publications.europa.eu/resource/authority/language/SWE,шведська мова,uk
https://publications.europa.eu/resource/authority/language/SWE,švedščina,sl
https://publications.europa.eu/resource/authority/language/SWE,szwedzki,pl
https://publications.europa.eu/resource/authority/language/SWE,svéd,hu
https://publications.europa.eu/resource/authority/language/SWE,švedų kalba,lt
https://publications.europa.eu/resource/authority/language/SWE,шведски,mk
https://publications.europa.eu/resource/authority/language/SWE,Zweeds,nl
https://publications.europa.eu/resource/authority/language/SWE,švedski,hr
https://publications.europa.eu/resource/authority/language/SWE,šwedšćina,hsb
https://publications.europa.eu/resource/authority/language/SWE,švedski,sh
https://publications.europa.eu/resource/authority/language/SWE,švédčina,sk
https://publications.europa.eu/resource/authority/language/SWE,Svediż,mt
https://publications.europa.eu/resource/authority/language/SWE,švédština,cs
https://publications.europa.eu/resource/authority/language/SWE,zviedru valoda,lv
https://publications.europa.eu/resource/authority/language/SWE,σουηδικά,el
https://publications.europa.eu/resource/authority/language/SWE,sueco,es
https://publications.europa.eu/resource/authority/language/SWE,svensk,no
http://purl.obolibrary.org/obo/OMIT_0004449,Communicable Diseases,en
https://www.wikidata.org/wiki/Q84263196,COVID-19,en
http://purl.obolibrary.org/obo/NCIT_C16205,Healthcare Activity,en
http://purl.obolibrary.org/obo/OMIT_0016881,Contact Tracing,en
https://www.wikidata.org/wiki/Q3706138,determinants of health,en
http://purl.obolibrary.org/obo/OBI_1110053,cancer,en
https://www.wikidata.org/wiki/Q110207349,psychoactive drug use,en
https://www.wikidata.org/wiki/Q42138532,genetic characteristic,en
http://purl.obolibrary.org/obo/NCIT_C2985,Diabetes Mellitus,en
https://www.wikidata.org/wiki/Q16917,hospital,en
http://purl.obolibrary.org/obo/NCIT_C173747,Protective Face Mask,en
https://publications.europa.eu/resource/authority/language/SLV,словенски,bg
https://publications.europa.eu/resource/authority/language/SLV,slovēņu valoda,lv
https://publications.europa.eu/resource/authority/language/SLV,slovensk,da
https://publications.europa.eu/resource/authority/language/SLV,slóvenska,is
https://publications.europa.eu/resource/authority/language/SLV,esloveno,pt
https://publications.europa.eu/resource/authority/language/SLV,Sloven,mt
https://publications.europa.eu/resource/authority/language/SLV,Slóivéinis,ga
https://publications.europa.eu/resource/authority/language/SLV,словенська мова,uk
https://publications.europa.eu/resource/authority/language/SLV,sloveno,it
https://publications.europa.eu/resource/authority/language/SLV,slovensk,no
https://publications.europa.eu/resource/authority/language/SLV,slovence,tr
https://publications.europa.eu/resource/authority/language/SLV,Sloveens,nl
https://publications.europa.eu/resource/authority/language/SLV,slovenski,sh
https://publications.europa.eu/resource/authority/language/SLV,sloveenia keel,et
https://publications.europa.eu/resource/authority/language/SLV,slovėnų kalba,lt
https://publications.europa.eu/resource/authority/language/SLV,słoweński,pl
https://publications.europa.eu/resource/authority/language/SLV,словеначки,sr
https://publications.europa.eu/resource/authority/language/SLV,σλοβενικά,el
https://publications.europa.eu/resource/authority/language/SLV,slovenă,ro
https://publications.europa.eu/resource/authority/language/SLV,Slowenisch,de
https://publications.europa.eu/resource/authority/language/SLV,słowjenšćina,hsb
https://publications.europa.eu/resource/authority/language/SLV,slovenski,hr
https://publications.europa.eu/resource/authority/language/SLV,slovinčina,sk
https://publications.europa.eu/resource/authority/language/SLV,словенечки,mk
https://publications.europa.eu/resource/authority/language/SLV,Slovenian,en
https://publications.europa.eu/resource/authority/language/SLV,esloveno,es
https://publications.europa.eu/resource/authority/language/SLV,slovenska,sv
https://publications.europa.eu/resource/authority/language/SLV,slovinština,cs
https://publications.europa.eu/resource/authority/language/SLV,словенский,ru
https://publications.europa.eu/resource/authority/language/SLV,szlovén,hu
https://publications.europa.eu/resource/authority/language/SLV,slovène,fr
https://publications.europa.eu/resource/authority/language/SLV,slovenščina,sl
https://publications.europa.eu/resource/authority/language/SLV,sloveeni,fi
https://www.wikidata.org/wiki/Q1128437,contact tracing,en
https://www.wikidata.org/wiki/Q3044843,cancer screening,en
https://publications.europa.eu/resource/authority/language/POL,Polainnis,ga
https://publications.europa.eu/resource/authority/language/POL,полски,mk
https://publications.europa.eu/resource/authority/language/POL,polacco,it
https://publications.europa.eu/resource/authority/language/POL,Pools,nl
https://publications.europa.eu/resource/authority/language/POL,polaco,es
https://publications.europa.eu/resource/authority/language/POL,Polnisch,de
https://publications.europa.eu/resource/authority/language/POL,пољски,sr
https://publications.europa.eu/resource/authority/language/POL,πολωνικά,el
https://publications.europa.eu/resource/authority/language/POL,pólšćina,hsb
https://publications.europa.eu/resource/authority/language/POL,polsk,da
https://publications.europa.eu/resource/authority/language/POL,polonais,fr
https://publications.europa.eu/resource/authority/language/POL,poljščina,sl
https://publications.europa.eu/resource/authority/language/POL,lenkų kalba,lt
https://publications.europa.eu/resource/authority/language/POL,polski,pl
https://publications.europa.eu/resource/authority/language/POL,poļu valoda,lv
https://publications.europa.eu/resource/authority/language/POL,poola keel,et
https://publications.europa.eu/resource/authority/language/POL,pólska,is
https://publications.europa.eu/resource/authority/language/POL,polština,cs
https://publications.europa.eu/resource/authority/language/POL,польська мова,uk
https://publications.europa.eu/resource/authority/language/POL,poljski,sh
https://publications.europa.eu/resource/authority/language/POL,puola,fi
https://publications.europa.eu/resource/authority/language/POL,polaco,pt
https://publications.europa.eu/resource/authority/language/POL,polsk,no
https://publications.europa.eu/resource/authority/language/POL,полски,bg
https://publications.europa.eu/resource/authority/language/POL,polonă,ro
https://publications.europa.eu/resource/authority/language/POL,lengyel,hu
https://publications.europa.eu/resource/authority/language/POL,польский,ru
https://publications.europa.eu/resource/authority/language/POL,poľština,sk
https://publications.europa.eu/resource/authority/language/POL,lehçe,tr
https://publications.europa.eu/resource/authority/language/POL,poljski,hr
https://publications.europa.eu/resource/authority/language/POL,polska,sv
https://publications.europa.eu/resource/authority/language/POL,Pollakk,mt
https://publications.europa.eu/resource/authority/language/POL,Polish,en
https://www.wikidata.org/wiki/Q39631,physician,en
https://www.wikidata.org/wiki/Q82642,blood pressure,en
http://purl.obolibrary.org/obo/OBI_0000844,obsolete hospital,en
https://www.wikidata.org/wiki/Q2647488,alcohol consumption,en
http://purl.obolibrary.org/obo/IDOMAL_0000023,zoonotic,en
https://www.wikidata.org/wiki/Q4927522,blood-borne disease,en
https://publications.europa.eu/resource/authority/language/HUN,maďarčina,sk
https://publications.europa.eu/resource/authority/language/HUN,ουγγρικά,el
https://publications.europa.eu/resource/authority/language/HUN,ungāru valoda,lv
https://publications.europa.eu/resource/authority/language/HUN,Hungarian,en
https://publications.europa.eu/resource/authority/language/HUN,Ungarisch,de
https://publications.europa.eu/resource/authority/language/HUN,ungari keel,et
https://publications.europa.eu/resource/authority/language/HUN,ungherese,it
https://publications.europa.eu/resource/authority/language/HUN,Ungeriż,mt
https://publications.europa.eu/resource/authority/language/HUN,maďarština,cs
https://publications.europa.eu/resource/authority/language/HUN,ungverska,is
https://publications.europa.eu/resource/authority/language/HUN,унгарски,bg
https://publications.europa.eu/resource/authority/language/HUN,унгарски,mk
https://publications.europa.eu/resource/authority/language/HUN,węgierski,pl
https://publications.europa.eu/resource/authority/language/HUN,Ungáiris,ga
https://publications.europa.eu/resource/authority/language/HUN,mađarski,sh
https://publications.europa.eu/resource/authority/language/HUN,vengrų kalba,lt
https://publications.europa.eu/resource/authority/language/HUN,macarca,tr
https://publications.europa.eu/resource/authority/language/HUN,Hongaars,nl
https://publications.europa.eu/resource/authority/language/HUN,hongrois,fr
https://publications.europa.eu/resource/authority/language/HUN,madźaršćina,hsb
https://publications.europa.eu/resource/authority/language/HUN,unkari,fi
https://publications.europa.eu/resource/authority/language/HUN,ungarsk,no
https://publications.europa.eu/resource/authority/language/HUN,húngaro,es
https://publications.europa.eu/resource/authority/language/HUN,magyar,hu
https://publications.europa.eu/resource/authority/language/HUN,ungarsk,da
https://publications.europa.eu/resource/authority/language/HUN,mađarski,hr
https://publications.europa.eu/resource/authority/language/HUN,угорська мова,uk
https://publications.europa.eu/resource/authority/language/HUN,húngaro,pt
https://publications.europa.eu/resource/authority/language/HUN,мађарски,sr
https://publications.europa.eu/resource/authority/language/HUN,maghiară,ro
https://publications.europa.eu/resource/authority/language/HUN,венгерский,ru
https://publications.europa.eu/resource/authority/language/HUN,ungerska,sv
https://publications.europa.eu/resource/authority/language/HUN,madžarščina,sl
http://purl.obolibrary.org/obo/OMIT_0012168,Poverty,en
http://purl.obolibrary.org/obo/OMIT_0008353,Infant Mortality,en
http://purl.obolibrary.org/obo/MFOMD_0000001,mental disease,en
https://www.wikidata.org/wiki/Q12135,mental disorder,en
http://purl.obolibrary.org/obo/VO_0000809,vaccination coverage,en
http://purl.obolibrary.org/obo/OMIT_0003154,Blood Pressure,en
http://purl.obolibrary.org/obo/OMIT_0024293,Overweight,en
http://semanticscience.org/resource/SIO_001022,diagnostic test,en
https://publications.europa.eu/resource/authority/language/HRV,croată,ro
https://publications.europa.eu/resource/authority/language/HRV,Kroatisch,de
https://publications.europa.eu/resource/authority/language/HRV,horvaadi keel,et
https://publications.europa.eu/resource/authority/language/HRV,κροατικά,el
https://publications.europa.eu/resource/authority/language/HRV,хорватська мова,uk
https://publications.europa.eu/resource/authority/language/HRV,хрватски,sr
https://publications.europa.eu/resource/authority/language/HRV,hırvatça,tr
https://publications.europa.eu/resource/authority/language/HRV,kroatisk,no
https://publications.europa.eu/resource/authority/language/HRV,Kroatisch,nl
https://publications.europa.eu/resource/authority/language/HRV,croata,es
https://publications.europa.eu/resource/authority/language/HRV,Cróitis,ga
https://publications.europa.eu/resource/authority/language/HRV,chorwatšćina,hsb
https://publications.europa.eu/resource/authority/language/HRV,hrvaščina,sl
https://publications.europa.eu/resource/authority/language/HRV,kroatisk,da
https://publications.europa.eu/resource/authority/language/HRV,króatíska,is
https://publications.europa.eu/resource/authority/language/HRV,croate,fr
https://publications.europa.eu/resource/authority/language/HRV,chorvátčina,sk
https://publications.europa.eu/resource/authority/language/HRV,kroatiska,sv
https://publications.europa.eu/resource/authority/language/HRV,Kroat,mt
https://publications.europa.eu/resource/authority/language/HRV,kroatų kalba,lt
https://publications.europa.eu/resource/authority/language/HRV,хорватский,ru
https://publications.europa.eu/resource/authority/language/HRV,croato,it
https://publications.europa.eu/resource/authority/language/HRV,хърватски,bg
https://publications.europa.eu/resource/authority/language/HRV,kroatia,fi
https://publications.europa.eu/resource/authority/language/HRV,horvātu valoda,lv
https://publications.europa.eu/resource/authority/language/HRV,croata,pt
https://publications.europa.eu/resource/authority/language/HRV,chorwacki,pl
https://publications.europa.eu/resource/authority/language/HRV,horvát,hu
https://publications.europa.eu/resource/authority/language/HRV,хрватски,mk
https://publications.europa.eu/resource/authority/language/HRV,hrvatski,sh
https://publications.europa.eu/resource/authority/language/HRV,chorvatština,cs
https://publications.europa.eu/resource/authority/language/HRV,hrvatski,hr
https://publications.europa.eu/resource/authority/language/HRV,Croatian,en
http://purl.obolibrary.org/obo/GSSO_009380,health care quality,en
https://www.wikidata.org/wiki/Q94298961,Medical Appointment,en
https://www.wikidata.org/wiki/Q3137154,non-communicable disease,en
http://purl.obolibrary.org/obo/SCDO_0001090,Socioeconomic Factors,en
http://purl.obolibrary.org/obo/IDO_0000436,infectious disease,en
https://www.wikidata.org/wiki/Q43656,cholesterol,en
http://purl.obolibrary.org/obo/OMIT_0022422,Maternal-Fetal Relations,en
http://purl.obolibrary.org/obo/OMIT_0013818,Social Environment,en
https://www.wikidata.org/wiki/Q3286546,respiratory disease,en
https://publications.europa.eu/resource/authority/language/ITA,Italian,en
https://publications.europa.eu/resource/authority/language/ITA,olasz,hu
https://publications.europa.eu/resource/authority/language/ITA,talijanski,hr
https://publications.europa.eu/resource/authority/language/ITA,italiano,es
https://publications.europa.eu/resource/authority/language/ITA,итальянский,ru
https://publications.europa.eu/resource/authority/language/ITA,italien,fr
https://publications.europa.eu/resource/authority/language/ITA,italijanščina,sl
https://publications.europa.eu/resource/authority/language/ITA,ıtalyanca,tr
https://publications.europa.eu/resource/authority/language/ITA,ítalska,is
https://publications.europa.eu/resource/authority/language/ITA,italiano,it
https://publications.europa.eu/resource/authority/language/ITA,italiano,pt
https://publications.europa.eu/resource/authority/language/ITA,italšćina,hsb
https://publications.europa.eu/resource/authority/language/ITA,itaalia keel,et
https://publications.europa.eu/resource/authority/language/ITA,italiensk,da
https://publications.europa.eu/resource/authority/language/ITA,італійська мова,uk
https://publications.europa.eu/resource/authority/language/ITA,italienska,sv
https://publications.europa.eu/resource/authority/language/ITA,italiensk,no
https://publications.europa.eu/resource/authority/language/ITA,italia,fi
https://publications.europa.eu/resource/authority/language/ITA,italština,cs
https://publications.europa.eu/resource/authority/language/ITA,ιταλικά,el
https://publications.europa.eu/resource/authority/language/ITA,Italiaans,nl
https://publications.europa.eu/resource/authority/language/ITA,italijanski,sh
https://publications.europa.eu/resource/authority/language/ITA,taliančina,sk
https://publications.europa.eu/resource/authority/language/ITA,италијански,sr
https://publications.europa.eu/resource/authority/language/ITA,włoski,pl
https://publications.europa.eu/resource/authority/language/ITA,Taljan,mt
https://publications.europa.eu/resource/authority/language/ITA,италиански,bg
https://publications.europa.eu/resource/authority/language/ITA,italų kalba,lt
https://publications.europa.eu/resource/authority/language/ITA,Iodáilis,ga
https://publications.europa.eu/resource/authority/language/ITA,itāļu valoda,lv
https://publications.europa.eu/resource/authority/language/ITA,италијански,mk
https://publications.europa.eu/resource/authority/language/ITA,Italienisch,de
https://publications.europa.eu/resource/authority/language/ITA,italiană,ro
http://purl.obolibrary.org/obo/SCDO_0001082,Social Environment,en
https://www.wikidata.org/wiki/Q7981051,well-being,en
https://www.wikidata.org/wiki/Q1367554,morbidity,en
http://edamontology.org/topic_3324,Infectious disease,en
http://purl.obolibrary.org/obo/TRANS_0000009,airborne transmission,en
http://purl.obolibrary.org/obo/OMIABIS_0001041,surgical procedure,en
http://purl.obolibrary.org/obo/GSSO_006598,self-injury,en
https://www.wikidata.org/wiki/Q11024,communication,en
https://www.wikidata.org/wiki/Q95439933,Vaccine-preventable Diseases,en
http://purl.obolibrary.org/obo/NCIT_C25193,Occupation,en
https://www.wikidata.org/wiki/Q835884,infant mortality,en
http://purl.obolibrary.org/obo/SCDO_0000496,Healthcare Access,en
http://purl.obolibrary.org/obo/OMIT_0007941,Housing,en
http://purl.obolibrary.org/obo/OHD_0000005,surgical procedure,en
http://purl.obolibrary.org/obo/SCDO_0000494,Health System,en
https://publications.europa.eu/resource/authority/language/SPA,spanyol,hu
https://publications.europa.eu/resource/authority/language/SPA,spansk,da
https://publications.europa.eu/resource/authority/language/SPA,Spanish,en
https://publications.europa.eu/resource/authority/language/SPA,Spanjol,mt
https://publications.europa.eu/resource/authority/language/SPA,Spaans,nl
https://publications.europa.eu/resource/authority/language/SPA,испанский,ru
https://publications.europa.eu/resource/authority/language/SPA,španščina,sl
https://publications.europa.eu/resource/authority/language/SPA,španielčina,sk
https://publications.europa.eu/resource/authority/language/SPA,hiszpański,pl
https://publications.europa.eu/resource/authority/language/SPA,spanska,sv
https://publications.europa.eu/resource/authority/language/SPA,Spanisch,de
https://publications.europa.eu/resource/authority/language/SPA,španski,sh
https://publications.europa.eu/resource/authority/language/SPA,ispanų kalba,lt
https://publications.europa.eu/resource/authority/language/SPA,испански,bg
https://publications.europa.eu/resource/authority/language/SPA,іспанська мова,uk
https://publications.europa.eu/resource/authority/language/SPA,espanhol,pt
https://publications.europa.eu/resource/authority/language/SPA,španělština,cs
https://publications.europa.eu/resource/authority/language/SPA,spænska,is
https://publications.europa.eu/resource/authority/language/SPA,шпански,mk
https://publications.europa.eu/resource/authority/language/SPA,spaniolă,ro
https://publications.europa.eu/resource/authority/language/SPA,španišćina,hsb
https://publications.europa.eu/resource/authority/language/SPA,španjolski,hr
https://publications.europa.eu/resource/authority/language/SPA,шпански,sr
https://publications.europa.eu/resource/authority/language/SPA,hispaania keel,et
https://publications.europa.eu/resource/authority/language/SPA,español,es
https://publications.europa.eu/resource/authority/language/SPA,spansk,no
https://publications.europa.eu/resource/authority/language/SPA,espanja,fi
https://publications.europa.eu/resource/authority/language/SPA,spāņu valoda,lv
https://publications.europa.eu/resource/authority/language/SPA,spagnolo,it
https://publications.europa.eu/resource/authority/language/SPA,ισπανικά,el
https://publications.europa.eu/resource/authority/language/SPA,espagnol,fr
https://publications.europa.eu/resource/authority/language/SPA,ıspanyolca,tr
https://publications.europa.eu/resource/authority/language/SPA,Spáinnis,ga
https://www.wikidata.org/wiki/Q12198,sexually transmitted infection,en
http://purl.obolibrary.org/obo/NCIT_C16273,Alcohol Consumption,en
http://purl.obolibrary.org/obo/APOLLO_SV_00000239,infectious disease,en
https://www.wikidata.org/wiki/Q1475557,patient safety,en
https://www.wikidata.org/wiki/Q188419,life expectancy,en
https://www.wikidata.org/wiki/Q1571836,social environment,en
https://www.wikidata.org/wiki/Q189656,disinformation,en
https://www.wikidata.org/wiki/Q12131,disability,en
http://purl.obolibrary.org/obo/NCIT_C173636,Social Distancing,en
https://www.wikidata.org/wiki/Q180910,leisure,en
http://purl.obolibrary.org/obo/OBI_1110040,infectious disease,en
https://publications.europa.eu/resource/authority/language/LAV,lett,hu
https://publications.europa.eu/resource/authority/language/LAV,letão,pt
https://publications.europa.eu/resource/authority/language/LAV,letton,fr
https://publications.europa.eu/resource/authority/language/LAV,Laitvis,ga
https://publications.europa.eu/resource/authority/language/LAV,łotewski,pl
https://publications.europa.eu/resource/authority/language/LAV,läti keel,et
https://publications.europa.eu/resource/authority/language/LAV,lettone,it
https://publications.europa.eu/resource/authority/language/LAV,latvių kalba,lt
https://publications.europa.eu/resource/authority/language/LAV,letišćina,hsb
https://publications.europa.eu/resource/authority/language/LAV,латиська мова,uk
https://publications.europa.eu/resource/authority/language/LAV,letón,es
https://publications.europa.eu/resource/authority/language/LAV,lettneska,is
https://publications.europa.eu/resource/authority/language/LAV,latvia,fi
https://publications.europa.eu/resource/authority/language/LAV,латышский,ru
https://publications.europa.eu/resource/authority/language/LAV,Latvian,en
https://publications.europa.eu/resource/authority/language/LAV,latviešu valoda,lv
https://publications.europa.eu/resource/authority/language/LAV,lettiska,sv
https://publications.europa.eu/resource/authority/language/LAV,letonca,tr
https://publications.europa.eu/resource/authority/language/LAV,летонски,sr
https://publications.europa.eu/resource/authority/language/LAV,letonă,ro
https://publications.europa.eu/resource/authority/language/LAV,Latvjan,mt
https://publications.europa.eu/resource/authority/language/LAV,lotyština,cs
https://publications.europa.eu/resource/authority/language/LAV,lettisk,da
https://publications.europa.eu/resource/authority/language/LAV,latvisk,no
https://publications.europa.eu/resource/authority/language/LAV,Lets,nl
https://publications.europa.eu/resource/authority/language/LAV,letonski,sh
https://publications.europa.eu/resource/authority/language/LAV,lotyština,sk
https://publications.europa.eu/resource/authority/language/LAV,латвийски,bg
https://publications.europa.eu/resource/authority/language/LAV,latvijščina,sl
https://publications.europa.eu/resource/authority/language/LAV,λετονικά,el
https://publications.europa.eu/resource/authority/language/LAV,latvijski,hr
https://publications.europa.eu/resource/authority/language/LAV,латвиски,mk
https://publications.europa.eu/resource/authority/language/LAV,Lettisch,de
http://purl.obolibrary.org/obo/GSSO_006601,substance use,en
http://id.loc.gov/vocabulary/iso639-1/en,English,en
http://id.loc.gov/vocabulary/iso639-1/en,anglais,fr
http://id.loc.gov/vocabulary/iso639-1/en,Englisch,de
http://id.loc.gov/vocabulary/iso639-1/de,German,en
http://id.loc.gov/vocabulary/iso639-1/nl,Dutch,en
https://www.wikidata.org/wiki/Q10294,poverty,en
https://publications.europa.eu/resource/authority/language/FRA,francuski,sh
https://publications.europa.eu/resource/authority/language/FRA,fransk,da
https://publications.europa.eu/resource/authority/language/FRA,fransk,no
https://publications.europa.eu/resource/authority/language/FRA,francúzština,sk
https://publications.europa.eu/resource/authority/language/FRA,френски,bg
https://publications.europa.eu/resource/authority/language/FRA,francuski,hr
https://publications.europa.eu/resource/authority/language/FRA,prancūzų kalba,lt
https://publications.europa.eu/resource/authority/language/FRA,francese,it
https://publications.europa.eu/resource/authority/language/FRA,francês,pt
https://publications.europa.eu/resource/authority/language/FRA,French,en
https://publications.europa.eu/resource/authority/language/FRA,ranska,fi
https://publications.europa.eu/resource/authority/language/FRA,francés,es
https://publications.europa.eu/resource/authority/language/FRA,franska,is
https://publications.europa.eu/resource/authority/language/FRA,francuski,pl
https://publications.europa.eu/resource/authority/language/FRA,fransızca,tr
https://publications.europa.eu/resource/authority/language/FRA,Französisch,de
https://publications.europa.eu/resource/authority/language/FRA,французька мова,uk
https://publications.europa.eu/resource/authority/language/FRA,Frans,nl
https://publications.europa.eu/resource/authority/language/FRA,французский,ru
https://publications.europa.eu/resource/authority/language/FRA,Fraincis,ga
https://publications.europa.eu/resource/authority/language/FRA,γαλλικά,el
https://publications.europa.eu/resource/authority/language/FRA,Franċiż,mt
https://publications.europa.eu/resource/authority/language/FRA,franču valoda,lv
https://publications.europa.eu/resource/authority/language/FRA,francouzština,cs
https://publications.europa.eu/resource/authority/language/FRA,француски,mk
https://publications.europa.eu/resource/authority/language/FRA,franska,sv
https://publications.europa.eu/resource/authority/language/FRA,француски,sr
https://publications.europa.eu/resource/authority/language/FRA,franceză,ro
https://publications.europa.eu/resource/authority/language/FRA,francia,hu
https://publications.europa.eu/resource/authority/language/FRA,francošćina,hsb
https://publications.europa.eu/resource/authority/language/FRA,français,fr
https://publications.europa.eu/resource/authority/language/FRA,prantsuse keel,et
https://publications.europa.eu/resource/authority/language/FRA,francoščina,sl
https://www.wikidata.org/wiki/Q332428,overweight,en
https://www.wikidata.org/wiki/Q7907939,vaccine-preventable diseases,en
https://www.wikidata.org/wiki/Q1247867,housing,en
http://purl.obolibrary.org/obo/OMIT_0003085,Birth Weight,en
http://purl.obolibrary.org/obo/SCDO_0000897,Physical Environment,en
http://purl.obolibrary.org/obo/ENVO_00002173,hospital,en
https://publications.europa.eu/resource/authority/language/FIN,finsk,da
https://publications.europa.eu/resource/authority/language/FIN,somu valoda,lv
https://publications.europa.eu/resource/authority/language/FIN,suomių kalba,lt
https://publications.europa.eu/resource/authority/language/FIN,fince,tr
https://publications.europa.eu/resource/authority/language/FIN,фински,mk
https://publications.europa.eu/resource/authority/language/FIN,φινλανδικά,el
https://publications.europa.eu/resource/authority/language/FIN,soome keel,et
https://publications.europa.eu/resource/authority/language/FIN,finnska,is
https://publications.europa.eu/resource/authority/language/FIN,finski,hr
https://publications.europa.eu/resource/authority/language/FIN,fínčina,sk
https://publications.europa.eu/resource/authority/language/FIN,finés,es
https://publications.europa.eu/resource/authority/language/FIN,suomi,fi
https://publications.europa.eu/resource/authority/language/FIN,finšćina,hsb
https://publications.europa.eu/resource/authority/language/FIN,фински,bg
https://publications.europa.eu/resource/authority/language/FIN,finlandeză,ro
https://publications.europa.eu/resource/authority/language/FIN,finština,cs
https://publications.europa.eu/resource/authority/language/FIN,Finnish,en
https://publications.europa.eu/resource/authority/language/FIN,fiński,pl
https://publications.europa.eu/resource/authority/language/FIN,фінська мова,uk
https://publications.europa.eu/resource/authority/language/FIN,Fins,nl
https://publications.europa.eu/resource/authority/language/FIN,finlandês,pt
https://publications.europa.eu/resource/authority/language/FIN,Finnisch,de
https://publications.europa.eu/resource/authority/language/FIN,finsk,no
https://publications.europa.eu/resource/authority/language/FIN,finski,sh
https://publications.europa.eu/resource/authority/language/FIN,Finlandiż,mt
https://publications.europa.eu/resource/authority/language/FIN,finlandese,it
https://publications.europa.eu/resource/authority/language/FIN,фински,sr
https://publications.europa.eu/resource/authority/language/FIN,финский,ru
https://publications.europa.eu/resource/authority/language/FIN,finska,sv
https://publications.europa.eu/resource/authority/language/FIN,finščina,sl
https://publications.europa.eu/resource/authority/language/FIN,finnois,fr
https://publications.europa.eu/resource/authority/language/FIN,finn,hu
https://publications.europa.eu/resource/authority/language/FIN,Fionlainnis,ga
https://www.wikidata.org/wiki/Q1527264,income,en
https://www.wikidata.org/wiki/Q5259414,tooth pathology,en
http://purl.obolibrary.org/obo/NCIT_C2893,Psychiatric Disorder,en
http://purl.obolibrary.org/obo/SCDO_0000490,Health Insurance Coverage,en
https://health-ri.sandbox.semlab-leiden.nl/profile/2f08228e-1789-40f8-84cd-28e3288c3604,Dataset Profile,en
http://purl.obolibrary.org/obo/MAXO_0000126,cancer screening,en
https://www.wikidata.org/wiki/Q4323994,traffic,en
https://fair.healthinformationportal.eu/profile/2f08228e-1789-40f8-84cd-28e3288c3604,Dataset Profile,en
https://www.wikidata.org/wiki/Q70364280,health resources,en
http://purl.obolibrary.org/obo/OMIT_0013846,Socioeconomic Factors,en
http://purl.obolibrary.org/obo/NCIT_C118206,Self-Injury,en
https://www.wikidata.org/wiki/Q108293842,health services use,en
http://purl.obolibrary.org/obo/OMIT_0007467,Health Resources,en
https://www.wikidata.org/wiki/Q3769299,human behavior,en
http://semanticscience.org/resource/SIO_000398,nurse,en
http://purl.obolibrary.org/obo/NCIT_C74299,Work,en
https://www.wikidata.org/wiki/Q12737077,occupation,en
http://purl.obolibrary.org/obo/NCIT_C17468,Socioeconomic Factors,en
https://www.wikidata.org/wiki/Q17003063,health care quality,en
http://purl.obolibrary.org/obo/OMIT_0007476,Health Status,en
http://purl.obolibrary.org/obo/OBI_0002787,face mask,en
http://purl.obolibrary.org/obo/GSSO_001369,surgical procedure,en
http://snomed.info/id/420014008,Blood borne transmission,en
http://snomed.info/id/91537007,"Hospital bed, device",en
http://www.ebi.ac.uk/efo/EFO_0000684,respiratory system disease,en
http://purl.obolibrary.org/obo/CHEBI_52217,pharmaceutical,en
http://purl.bioontology.org/ontology/MESH/D011203,Poverty,en
http://www.ebi.ac.uk/efo/EFO_0000400,diabetes mellitus,en
http://purl.obolibrary.org/obo/MONDO_0004995,cardiovascular disorder,en
http://www.ebi.ac.uk/efo/EFO_0000319,cardiovascular disease,en
http://purl.obolibrary.org/obo/MONDO_0005084,mental disorder,en
http://purl.obolibrary.org/obo/MONDO_0004992,cancer,en
http://purl.obolibrary.org/obo/MONDO_0100096,COVID-19,en
http://purl.obolibrary.org/obo/MONDO_0005087,respiratory system disorder,en
http://purl.obolibrary.org/obo/MONDO_0005550,infectious disease,en
http://www.ebi.ac.uk/efo/EFO_0004299,life expectancy,en
http://www.ebi.ac.uk/efo/EFO_0004778,self rated health,en
http://purl.obolibrary.org/obo/MONDO_0005015,diabetes mellitus,en
http://www.ebi.ac.uk/efo/EFO_0005741,infectious disease,en
http://purl.obolibrary.org/obo/DOID_9351,diabetes mellitus,en
http://www.ebi.ac.uk/efo/EFO_1001216,tooth disease,en
http://purl.obolibrary.org/obo/DOID_162,cancer,en
http://www.ebi.ac.uk/efo/EFO_0004352,mortality,en
http://purl.obolibrary.org/obo/DOID_0080600,COVID-19,en
https://bioportal.bioontology.org/ontologies/ICD10CM?p=classes&conceptid=U07.1,COVID-19,en
http://bioportal.bioontology.org/ontologies/ICD10CM?p=classes&conceptid=U07.1,COVID-19,en
http://publications.europa.eu/resource/authority/access-right/PUBLIC,Public,en
http://publications.europa.eu/resource/authority/access-right/RESTRICTED,Restricted,en
http://publications.europa.eu/resource/authority/access-right/NON_PUBLIC,Non-public,en
http://purl.org/adms/status/Completed,Completed,en
http://purl.org/adms/status/Deprecated,Deprecated,en
http://purl.org/adms/status/UnderDevelopment,UnderDevelopment,en
http://purl.org/adms/status/Withdrawn,Withdrawn,en
http://purl.org/cld/freq/triennial,triennial,en
http://purl.org/cld/freq/biennial,biennial,en
http://purl.org/cld/freq/annual,annual,en
http://purl.org/cld/freq/semiannual,semiannual,en
http://purl.org/cld/freq/threeTimesAYear,three times a year,en
http://purl.org/cld/freq/quarterly,quarterly,en
http://purl.org/cld/freq/bimonthly,bimonthly,en
http://purl.org/cld/freq/monthly,monthly,en
http://purl.org/cld/freq/semimonthly,semimonthly,en
http://purl.org/cld/freq/biweekly,biweekly,en
http://purl.org/cld/freq/threeTimesAMonth,three times a month,en
http://purl.org/cld/freq/weekly,weekly,en
http://purl.org/cld/freq/semiweekly,semiweekly,en
http://purl.org/cld/freq/threeTimesAWeek,three times a week,en
http://purl.org/cld/freq/daily,daily,en
http://purl.org/cld/freq/continuous,continuous,en
http://purl.org/cld/freq/irregular,irregular,en
https://publications.europa.eu/resource/authority/language/LTZ,Luxembourgish,en
http://purl.org/zonmw/covid19/10007,national,en
http://purl.org/zonmw/covid19/10083,people by COVID-19 risk factors,en
http://purl.org/zonmw/covid19/10091,COVID-19 patient grouping,en
http://purl.org/zonmw/covid19/10018,health care phase,en
http://purl.org/zonmw/covid19/10014,hospital care,en
http://purl.org/zonmw/generic/10095,Individual after first infection,en
http://purl.org/zonmw/covid19/10012,GP care,en
http://purl.org/zonmw/covid19/10033,COVID-19 phase,en
http://purl.org/zonmw/covid19/10003,urban,en
http://purl.org/zonmw/covid19/10006,regional,en
http://purl.org/zonmw/generic/10006,other,en
https://ncit.nci.nih.gov/ncitbrowser/ConceptReport.jsp?dictionary=NCI_Thesaurus&code=C9245,Invasive Breast Carcinoma,en
https://ncim.nci.nih.gov/ncimbrowser/ConceptReport.jsp?code=C0853879,Invasive Breast Carcinoma,en
http://purl.bioontology.org/ontology/ICD10CM/J96.2,Acute and chronic respiratory failure,en
access_rights,Access Rights,en
organization,Catalogues,en
publisher_name,Publishers,en
res_format,File Formats,en
spatial,Spatial Coverage,en
tags,Keywords,en
theme,Themes,en